0.7604293617407951,0.9380602422734686,0.0,0.0
0.5860570054097916,0.8421026839382649,-0.15818457111664008,0.9528347991748355
0.4916423108803337,1.0700873429281026,0.7282085022286048,1.1593638740419276
0.6314367692807665,0.8816413783872966,0.034122049933337895,1.2719807816985917
0.7342018454028643,0.8710350271957277,0.44644647338244947,2.0107754205466533
0.4913812968084197,0.8709292488650461,0.9704379723421828,2.2263521796419243
0.6917317120106982,0.8743080230838285,0.9440404096388718,2.5983174354925302
0.635491406200734,0.9117194438026781,1.753657599451953,2.536906621800493
0.6515260789700305,1.0468843201021638,0.9031686945130379,2.5928124156727854
0.7866779877819118,0.8911200027520121,1.3039151867936334,2.6619658634062056
0.5601822739053145,1.0018438376969743,1.8018912507828158,1.8783319550455295
0.6720652065761528,1.0540282853551781,1.0134057103435041,2.8308084723000944
0.5742627097662301,0.8153679206678848,0.6560907066410471,2.7464173970191137
0.5939426650903371,0.9302650905255325,1.4839910853254632,2.195176696488435
0.7332766474576613,0.9092049843797705,2.2474229142197735,1.7432652903041803
0.7328490723365324,0.9941565642301642,1.603245854051296,2.219699721771063
0.6166939724029366,0.8952549295955249,2.5126295067376763,1.5966250190485578
0.7007872444960689,0.891639609142171,2.017762611312976,1.040387898430744
0.6290929023009714,0.8579482084605705,1.1056290594174354,1.005899949575456
0.5365346815853911,0.9780268634371786,2.0444908864951676,0.9073959405822262
0.6796115789205882,0.8876235643196031,2.8895067068927833,0.7142225702812199
0.6973019223861218,0.9651944183201226,2.1350685043590927,-0.1993711140786465
0.5492684303138854,1.0204259575443289,1.4071459888784754,-0.8731122010204128
0.7543090106428727,1.113085439133949,1.3498126572846174,-1.7452329948506202
0.5183296288314346,1.0691374687873114,0.7486321873834944,-0.753878020557804
0.6536114558434654,0.9187954851708596,1.5067016211669069,-1.3066465512494199
0.5216888909049484,0.8458775468863876,0.9450624764550039,-1.6691457731706967
0.5573598021735657,0.8904981890295337,1.1827513546755708,-2.2796099325296426
0.8028160953520133,0.8873414628191328,0.7775865086998834,-1.3386749923779333
0.7714036514605219,0.9432676211883989,0.9217408803058736,-0.5820676966815784
0.5188930854830736,1.0256115856074894,1.6001573039625459,-0.845159095111361
0.5142511999737084,0.8305881695028459,0.7414363719913982,-1.224282021681316
0.6969222485503492,0.978974346841838,0.6327153450125664,-1.760408305354995
0.7725923554582731,0.9051391958095505,0.47991887513932796,-2.336647113196793
0.676435062723837,0.8639054197174776,1.132626306644645,-1.4310912745759778
0.7538784943696897,1.1309946113351224,0.9718794388042153,-2.1973795495019806
0.6456587198277867,0.9156843846524124,1.5869768203221293,-1.4752688747277258
0.720871491523691,0.9489257478523505,1.7886897378546212,-2.12088336736338
0.7107022848990884,0.9731207807599365,1.532604594631637,-2.0852763232573057
0.7525983007583554,0.8699467116038619,2.004716617897012,-2.5590557702506858
0.6747106893245401,1.1763960841745784,2.0855259508469164,-2.1137564773724984
0.5742414197987709,0.8352802761412597,2.9233180714002542,-3.0063661756475737
0.6890131179419581,0.897461234056854,3.046990384956919,-3.077803180384624
0.7464105216408965,0.977064987005561,3.1748495526279346,-3.530672974615931
0.6357317709263918,0.924002712116426,2.900650624125427,-4.274176906630056
0.7571877760947996,0.9938659681670744,2.3231933125334026,-5.2703199745134395
0.6181993327609003,0.7650963094711669,2.617823525175935,-4.609666769741081
0.8042007208048092,0.950316761502337,2.0177585403152705,-4.692963099417422
0.8348909137778557,1.0452267802739361,1.8759804522167758,-4.368122408467155
0.4536454778533312,0.9466153792168905,2.342353007966674,-3.483061963470409
0.7416977247365594,0.8150564697304288,2.8428077705036254,-2.778429433283075
0.7011564796539608,1.1540983273902734,1.931705575817435,-2.016430160647076
0.8189894721339264,0.8631552533560287,2.702751408172229,-1.5093909071564338
0.6813622048484782,1.0457323829785063,2.477591823987266,-1.3948230088405849
0.47863854791623095,0.9242145067010568,3.2994912511869465,-0.957526601476369
0.5869305718952232,0.811914059534665,3.127897699636747,-1.6875786875231646
0.794623265026988,0.8769017345350164,3.6728124825176174,-1.8430121921542209
0.697450738750037,1.027850062179664,3.070135383595711,-1.2532244755140123
0.802292685595827,1.010595300210166,3.018971495573431,-0.544434665762575
0.7223425696821322,0.9885147544045718,3.0930535980949285,-0.5225275661154256
0.5001386582118791,0.9440801947267743,3.451131521500398,-1.3907873440322347
0.5824495068885069,1.0375496878836188,3.419084559620728,-0.5572364784382258
0.7168516576159552,1.096126689362559,2.6385259186037104,-1.089008802516974
0.6620337086638153,0.8946748139075816,3.0199754042921003,-1.0185135643875123
0.5531805167818493,0.9762117344655331,3.3295669960986958,-1.1305048267403723
0.594827745680017,0.890506582818225,4.206561124204764,-1.9473323038216823
0.7806338915489557,0.8187573794328135,5.098736279530851,-1.7483251879611945
0.8470670228537243,0.9559028181031807,4.222864164089354,-1.003442290016828
0.6266226012084443,1.0161199766958247,4.52151058011094,-0.6961541374484852
0.5884739634473503,1.0240613556262066,4.054310065640742,-0.4109171305970063
0.5282135044668975,0.9107999156512716,4.7994723455633075,0.4647420275868427
0.6066271293786746,0.8588433520323,5.679085316964789,0.8988449533872246
0.6503719899116305,0.9450251935865762,6.111027761083864,0.9065901027855601
0.7499810458872592,0.8832029281029075,6.862283243164551,0.38272227667815617
0.5022472577516062,0.9902759510235886,7.810312528592663,0.8909139371656385
0.8246315694755815,0.9710399590533607,7.487108266114539,0.669473454590019
0.8119229940844261,0.8911938805591022,7.385827071447039,0.3705041244964715
0.4126743024457286,1.0899072985096037,6.641408461970151,-0.2346718105432294
0.5535635927864038,0.9375755497414265,6.804375097221438,-0.060696593569619206
0.5630858298319665,0.8576911503027417,6.384790875097887,-0.27856584577650356
0.6608045615444034,1.0736679793024373,6.3937221577839605,0.09605664534862024
0.6132267796235535,1.1072416297994139,6.409515073784808,0.45707762621757664
0.6974324006278882,0.9533395245598222,5.492019313849736,-0.16462390143784966
0.6462759349935616,0.8953030714351499,5.796528542236822,-0.9061206573102426
0.4631778662747299,0.7789086543973177,6.102549535766402,0.012793893241555443
0.7072304074148406,0.9976155160635645,5.856909578665192,-0.5971429786425425
0.7977289794328282,1.127505688316659,4.961080117618043,0.12527671464964596
0.5630312691175581,0.936520589896795,5.485150092882102,-0.11651539519449439
0.7443103952887552,0.7675789227970333,5.850805335996137,0.3251200759310925
0.4938250986587701,0.7271475805426291,6.239256056822772,-0.2294036728274511
0.628225429752922,1.01948724682094,5.591111422606904,0.6350861639189563
0.5506392633384057,1.1564917079720045,4.601713216899526,-0.037947483597525644
0.5367423367438248,0.9339934755282092,5.139363688701546,0.03421715150444449
0.6110421431465647,0.9809330479220901,5.340382813724419,0.7756036559021261
0.6784105114379874,0.9611735339042297,5.249842891326498,-0.20737145862748685
0.5436498690170061,0.9446768273770709,6.226501889899759,-0.628198811341599
0.6896086370270509,0.8170983340028407,6.752228185009995,-0.10519980152385988
0.5206252511319739,0.9186710305830184,7.589376034741068,0.4421350610868918
0.8348478432020224,0.8446000535141288,7.017605654260463,-0.47283519939250807
0.7913458950265705,0.8539297396836512,7.9447858580610475,-1.3515469950760166
0.7681775982961033,0.9446922289184498,8.735473318360606,-0.3703551261991781
0.621410493823295,0.839799088804698,9.607222110321112,0.4502429934654725
0.5912052018564322,1.0429214399215487,8.952299745106211,0.333152445898384
0.44566858420011823,0.9686720127350894,8.754219857975333,-0.025626529203332526
0.7495431895342903,1.100859591005254,9.368795360765029,0.5520697862529208
0.6988351196408454,0.991401623924768,8.871811702406106,0.6166677861295282
0.8434578986680223,1.0922190696617053,8.768800171404617,1.0864903046399488
0.5652877178764331,0.975680415375751,9.296809146231164,1.2873947053325807
0.5105066791476622,0.979415308456052,9.13584431025128,2.1073536847769696
0.5732720566440483,1.0303222355641948,8.404121953259903,2.5117143846261913
0.5223399006044107,0.9335715877302287,7.537064273741633,1.5860504927107821
0.6505495395748506,0.9938687203123728,6.72142891626093,2.3056446327530358
0.5113053857230294,0.9184724319480669,6.7569519375287115,3.2578554944493163
0.6698651629696234,1.0928150226678397,6.453971223646978,2.7359160938908893
0.609814145710884,1.0338912428642844,6.300461328248031,2.6019597119639157
0.5892096198607533,0.7876771550411642,5.440208457276989,1.6063392507863181
0.5218947654266084,1.1143136029000327,4.9515583285988445,0.9755853062866291
0.7017956683894488,1.040021418797542,4.557427847951355,0.18832822594388432
0.5699101994364175,1.0293005299358031,5.452394192889821,1.0833707170289473
0.6166457216760748,0.9741110768969747,6.436800443671148,1.5649023381863272
0.6835585199359566,1.171532376544803,5.928342092357275,2.1330460516672236
0.5278024131215033,1.003971707888394,5.218783364791049,3.0776145623451674
0.4940254992562735,1.062852791874809,5.382736419926859,3.437467766816339
0.7583482700319365,1.075827270926716,4.43505469410005,4.383253553772032
0.5636173180152386,0.9448818850543248,5.062601615855643,5.2937729497306085
0.7271169587746099,0.9680927316379031,4.783515956784385,4.35149340220007
0.48512474506934883,0.983919518499144,4.529419599984834,4.053233089724814
0.7791473406633442,0.8893906328445612,4.260599947323495,4.482905717318356
0.5780249124503691,1.0322428038556561,3.9496259555647186,4.549340620549202
0.6061987118261722,1.069429303723841,3.831792927016214,3.7341897937152817
0.5423847042679811,1.162730419798529,4.138136873412003,4.244693555347915
0.48743271755308637,0.7970418173236555,4.138201327635182,4.879044278286186
0.8615415203079627,0.9261928567161923,3.8326795582722126,4.375648663419048
0.7083152523617622,0.8728633945399554,4.1010477792557865,5.318600560554157
0.6345857643958289,0.9637033863495207,4.581008012509466,4.7678696719866185
0.7219598987653455,1.0279156625633965,4.437833737915502,5.2601122849796775
0.6037773777267375,0.8869823963321194,4.749630160750899,5.930019624502826
0.7164344500255396,0.780354770929102,5.6314617570291565,5.411598337837102
0.5641855050889182,0.9423466003357743,6.390302924463045,5.041437483185107
0.5390668270550434,1.1392100875008662,6.129532168862543,5.64913082652297
0.5551955465008441,0.8681769144929435,5.338631856821508,4.962935545721772
0.5412003777057353,0.8710843291960009,6.1820196236125975,5.62286200199884
0.46957364902061993,0.942284865028967,6.725284424634165,5.892476457974611
0.6485022523279216,0.9306935976927067,7.145001638540991,5.116263501699242
0.6735111441882561,0.9220354856707311,7.7813599511949505,5.892116055433509
0.553433268102629,0.8595210454474683,7.766635710506142,6.192623309552705
0.6748485221692024,0.9403878679609732,7.972149614037497,5.515497647810887
0.608010804452619,1.0260781411634303,7.5671783357112,4.60571100707728
0.6340860960653316,0.8112546630033203,8.396854805532257,5.189240536040636
0.8754360642554652,1.2033821766801587,8.84930835687648,4.414215423478499
0.7236357634293966,0.9647224276723773,8.064431298188703,5.150293618043969
0.5850666104520442,0.7822494888995203,8.227297064421748,5.5579446512462365
0.6057319112715523,0.9891250622196551,8.172941475003062,5.017568264391463
0.7016638051243341,0.8504351468655553,9.139099310801534,5.928497865184947
0.5830345242248696,0.9838150646110531,8.17574418280699,6.431284494026805
0.723904771607748,1.0178253638118377,7.503714649615232,6.748883268750619
0.6166714656060094,0.8766028345694156,6.935336366826277,6.449579976363371
0.5987373545437193,0.9885741440988387,6.831888470098314,6.855272732841395
0.3787336901324409,0.9058058435314534,6.433917842879302,7.564941101114122
0.6886433703828936,1.0523748202997214,5.53574997925233,8.097228794278614
0.4523924427813288,0.8637593196658724,5.1066169535342905,9.063452619372304
0.6795275759605829,0.83792185933637,5.198408052475797,8.718201739261186
0.5512498199226505,0.8163577127633369,4.809511132299551,9.269331122287754
0.6643018429471221,0.9760924831653873,4.6438317031017355,10.027526094070387
0.6275548480078513,0.7991592397026414,5.071265884520079,9.626226917087596
0.6248245039099506,1.0709742605887114,4.643269949088791,8.743394595117016
0.5873193734820189,0.9517178548433743,5.377965819676228,9.53740742536849
0.5463850146365489,1.1293888958528735,5.203370567941228,9.619178182389545
0.6553678025849644,1.0466548619321527,6.022112821108154,9.874979857464849
0.6177028897768179,0.9719756898771712,5.335989783707149,9.518640650116163
0.5546970758309662,1.0502946771168464,4.869218381210477,8.815703883760545
0.5537158535078294,0.889906460818916,4.863636087646389,8.177694152492858
0.7020500891499589,1.3084782108682993,4.723752331821283,8.82326266242661
0.531981514164016,0.977168012229854,5.436978377770025,8.348273032109253
0.616899616620715,0.8380197904074402,6.401696179056423,9.151346135870492
0.6216487905837118,0.9187779392278814,7.190458867728582,8.99027293561912
0.6710886204688032,0.864276723981569,7.258974803417937,9.431390410752439
0.8328436098352734,0.8212617265659223,7.958683141993048,8.779173948461638
0.578281163873575,1.0238882002436263,7.226121684175455,8.400276586935062
0.7446670568669373,1.0275478787049732,6.962264755480499,8.46503486630801
0.48741919962174074,0.8315555221581226,6.54198859743229,8.542382997486557
0.5826128531150552,0.8933706209727297,5.894774726054212,8.440525693362224
0.7599668449249906,1.0278039523718454,5.031809477552866,9.267689934016039
0.65305601861505,0.9348745169417856,4.8021420718981185,9.43021492144492
0.6119485157460679,0.9312064957285972,5.7871437265396155,8.877860924838066
0.3786700838332067,0.7822135545656643,5.275289714826159,9.826320866472825
0.7273659798284045,0.8197989162233557,4.343005097438049,10.372162540648613
0.5982951633163779,0.877451115141043,3.472828447445556,10.179706637026626
0.6684280072022251,0.8842422513239798,2.4942279354623826,9.284484703462516
0.5322688088929822,0.9938083347701104,3.268432583608336,8.95441854573287
0.5895263005662341,1.0780960229841965,2.514497068126272,9.902380356164924
0.5779438812129875,1.1045229091625015,2.667039128011954,10.864317541188246
0.6218291498681351,0.7363331186215574,2.2359394841663742,11.701115026962237
0.527015818869257,0.889260200157237,1.8560489640640556,11.994240888803992
0.6489335262437423,0.8618706591698905,1.7851950186246035,11.553916523265668
0.6067903409393208,0.9673074009231618,2.704221957831452,11.723930506301626
0.5468687606297015,0.9430274807219866,3.5483137134770635,12.439176160650076
0.6481998349557847,0.7325109266233834,4.454020620265987,12.633409215818661
0.6718687390503864,1.0503905505809792,3.5641230559712693,13.435123385403786
0.6302162343828347,1.1071634873186635,2.6237075244697436,12.632836387238434
0.7403264314048038,0.9963822760215173,3.5559551020269975,11.842997632780268
0.6100565687986343,0.9690600201789202,3.119843695765442,12.175161151967359
0.607493299612493,0.7357912056921401,2.367983796522304,12.508932531905396
0.6275116143238779,0.9623756232698993,2.4307012823727767,12.932813885927455
0.707792166052986,0.9099434034844187,2.6444568798599803,13.054567891525611
0.5909841716974499,0.8293816118153476,3.628008250261469,13.690801615465686
0.6000172005989469,0.9302921178550783,2.8376699753866466,13.250922363050964
0.8546927582903513,0.8045805600771425,3.499644748112754,13.971355101411287
0.7252958662674431,1.0699178744639017,4.13314151361649,13.961589257773399
0.6460587241635715,0.8659019798697976,3.779666246186471,13.528300161472314
0.6620512178346142,0.8122477700654912,4.740682827114425,14.441711170491493
0.6886842102304718,0.9793087191543435,5.664425234943417,14.18651121671476
0.9280527337325567,0.8787572667324459,5.373968605103702,13.54494277172396
0.6076935448660297,1.0690909965700246,5.2329593077829575,12.93927329324795
0.6631736902355027,0.8546678768889266,5.552954087089681,12.75286902922335
0.49662041963297143,0.8267954132811848,6.537275723446309,12.130541847702982
0.7190720090320588,0.970330120687381,7.234598823022676,12.268608612300989
0.7604641856190972,0.9945193031380763,7.285762243823511,13.104896184076868
0.5370243425863581,0.9799924884741679,6.5901458168982066,13.208103273066921
0.6802185523708922,0.9963778345089491,5.880063549545303,12.2261601376868
0.9271582802137892,0.9382593146076774,6.705476614687927,12.75448480480471
0.6375966458895777,0.9895269670853892,7.663539836629389,12.639988187579569
0.6402014778239062,0.9339162376473484,8.19635709841789,13.080855607409916
0.6902973051090334,0.8549085664118212,9.04557578735717,12.718657246855388
0.6561754915398627,0.9255898967592604,9.527592290175036,13.115618683689181
0.7128702170015978,1.165376997050603,9.466504690104047,13.363330204653307
0.5335534667717137,1.0301510184734468,9.374167961117367,12.96431663069747
0.5379116677483333,0.9116806413636656,9.841209820664785,13.070822696460118
0.5589539128100212,1.0372632882316615,10.171151817133673,12.077184065571618
0.564651066129737,0.7950435777165372,10.014227156527564,12.865971073240258
0.7603383884622853,0.7260472650535852,9.45502168545052,12.239271147243002
0.6659914024938729,1.1117817664843797,8.483604338286128,11.808104873005204
0.6515061079432503,0.7964574483235695,8.574097271379237,12.293986192800686
0.7318606069275422,0.8222610474893862,8.14765643487715,12.841932105545965
0.8379891130364945,0.9383912279765507,7.1919142308710295,12.884101182037805
0.7171191882402244,0.8608723404354742,6.542696908101611,12.644885110308747
0.74154862179618,0.9089850838468072,6.371398014227999,13.416714501324329
0.764908207272971,1.0355974160038035,6.605289862450356,12.706125572671525
0.7196500591483492,0.9199798146604203,6.6691528630464605,11.972417951836823
0.6768071952788545,0.9085397507897004,6.2014904978565575,11.861653536799025
0.679060630338385,1.038336379036611,6.072118170851352,12.710268939998125
0.4412198961686392,0.9849768950438926,6.325503850643573,13.238876041787755
0.5991421776398945,0.7234915987028037,7.165330909389052,12.633126116157449
0.5884169887160338,1.0074522611187489,6.219144473098936,13.391358513532218
0.6671064380748025,0.929290142118818,6.2016893020740325,13.546276651313697
0.7662575074226904,1.0123446283867765,5.428047445588279,14.139133283515722
0.8959707790994355,1.0608793560150818,5.479660453273413,14.29324361350958
0.7472142840906089,0.9541177428016805,5.6546268744784935,14.09640869551467
0.5486298089604357,0.9710609188560766,4.886460285878691,14.669250366904123
0.5431342395586937,0.9793882602141524,4.599486934338639,15.497495555055124
0.5956449126119705,0.9720659042865158,4.514546800942594,16.315196417458424
0.7855632422159816,0.8397798082003852,5.060062477646735,15.878892575881453
0.6368434030156729,0.923223201503941,4.714405234577701,14.99427090006996
0.7087412290282799,1.0272300418328744,5.156455460993003,14.413853287828918
0.6045363597052,0.8570827369295023,5.107936369097392,13.652534835474244
0.631438115482282,1.0342445305394266,5.574684536939005,13.003269026822728
0.715230453000406,0.7542626361322686,5.136263491266685,12.569506581111966
0.6320465730586725,1.0261844448178261,5.268651082986971,12.08518828721642
0.710793021472344,0.8860278079297054,4.80621362629357,12.780250083671284
0.5692734157277166,0.8224373671651508,4.539535436997281,13.295103189267229
0.5922549357308883,0.9259523654726737,3.5599239978168593,12.757043942404394
0.5485042367534217,0.9711891062270376,4.46355638194012,12.537097803157227
0.6469681756873522,0.9004827213868357,3.527901296171067,12.106433070565794
0.7807055151941956,0.9327153077057967,2.9024729893137686,11.333393598064681
0.5890953375126244,0.8571099058178825,3.6651262514679055,10.489831123563045
0.7586026750749323,0.9908830943255595,4.657733273387551,9.720423515340446
0.4969693861676536,0.9218486229433757,4.9871385409153985,9.40691395773997
0.7262521227619532,0.9728595958853394,4.737662660267193,8.451057571215733
0.5451677147311396,0.9135174931362472,5.607800471036137,8.744949251082708
0.7702079570424057,0.8432390712145617,5.767500853344993,8.353037344382209
0.7364371974176602,0.9142261071461664,6.73036830899664,8.804347835815857
0.6498785562229535,1.1320783563567993,6.650291919398865,8.018287049115822
0.5607660996590886,1.031393828348197,7.203225018177928,8.736695708073462
0.7157009958421692,0.9475470991723688,7.246804602764753,8.966337540814866
0.7039623328478914,1.0216970820644369,6.8010067744480525,9.752770867432217
0.5589083215811677,1.0878503457366788,6.931566511010214,8.900783619647319
0.6699997796863867,0.8681604444329472,6.347429349468025,8.685172390307295
0.6820906564882411,0.9811281877072461,6.400757997269338,8.932644969628072
0.8126329157319231,0.9190826676139968,7.120632353821718,9.461190021550635
0.7709840514484942,0.97750990147036,7.188335428846585,10.340423931403361
0.7428257932353597,0.8951977002687169,8.157282914669603,10.865133701791452
0.6164470877944283,0.8857706748276495,8.975286042584312,10.958433691909852
0.5030560924283453,0.8068214443881153,8.118952666930884,10.680671169228447
0.6127134835349218,1.0533925153250472,9.010594871814442,10.45517774015222
0.6231176443366739,0.844924695926755,9.227309532584547,10.016476602598951
0.5596356073000653,0.961216040723678,8.290086934567656,10.45975549039217
0.5597430475622308,0.7563356097036524,8.382131503780643,10.134058699627754
0.6809106977345456,0.9452065185723206,7.855340666391022,10.009802521563921
0.5439773951055564,0.9896482952238411,7.6799466949094395,10.026157993357321
0.6937348675470176,1.0743394862679938,7.461141230269089,9.558597011467635
0.761723346014991,0.7971293301889275,6.971648972440629,9.435831216986132
0.6828052917159463,0.9065791186901648,7.78464392252783,10.132106434168486
0.7500777783880641,0.9811534827409846,7.093339876953096,9.233722891819642
0.4688584530211979,1.019525990114497,6.342756077748351,9.450883959242248
0.662600449846886,1.0213873250987977,6.820956657211809,8.70600917519351
0.5587816681096062,0.9480073477174361,6.539299196753935,7.871410975267873
0.7964315157019226,0.9565426740636679,6.6278456244759205,7.446758013231151
0.7071121036764192,1.0078422606685218,6.594427463830455,6.4553888938074415
0.6495011264805439,0.9426279563075828,6.970388225029281,6.836429076806909
0.5712767344455799,0.9162212403501214,6.754562055643033,6.086794775989533
0.702473425318225,0.9108599312769005,6.091926006379109,6.571469296113065
0.6513234477929558,1.0901733215026432,6.090860350372954,6.473803884035279
0.5459623975192627,0.965609334128586,6.888649534866564,6.8695638000523696
0.6188045681370836,0.9641131098923607,7.714895091102119,7.1047025253463225
0.6315584160885445,0.9749476748764628,7.663058017070407,6.992022573307139
0.5873384739251568,0.9207461476553763,7.732995257152346,7.854406505179532
0.5175673346012648,0.8261672889269024,7.094130738613091,7.458497871579615
0.6032028247731186,1.131503862831702,8.021261821315786,8.042659654656081
0.6781570167984085,0.9840409181381223,8.508656547571388,8.804124696983871
0.5250764300025956,0.8466882684857299,8.110743816064128,9.094534370794534
0.6956634097602307,0.9340529679280942,8.045980146016504,10.046198247052663
0.6914393979044935,0.9112282986891352,7.78004784247598,9.500275410424042
0.6234318554036796,1.0199532926643051,8.31034603592571,10.456048662821402
0.7564018117336221,0.852886237299451,8.596611136083736,10.862031921850297
0.7749428787844794,1.0042529258972723,9.254746428008282,11.046477167643625
0.5757466719065985,1.0901370564689536,8.604137304851674,11.816711226238475
0.6520645740761283,0.8310814840810297,7.626731614260567,11.180364762598773
0.6795665143433935,0.8943204128844315,7.494353129738617,11.14613863093287
0.7545155382339797,0.9782270759658094,6.938832045005543,10.804063515752784
0.46531663324615646,0.8628657143752351,7.1647848756382455,9.968550740393558
0.6957400061023283,1.1186933340455205,7.328492524786709,10.92842183364996
0.7307780803378253,1.0106144570817115,7.8618195184597335,10.324133401530796
0.49799394513239514,0.8326887000622653,7.800464875163503,9.591786791851028
0.80576371868449,1.0094837893643454,7.123222816352311,9.791372177301247
0.5480882678779119,0.8652057011250929,6.223023183241942,10.409271728430193
0.602645285083175,1.0190385382093392,6.171509039936503,9.939210944036262
0.5085643089034588,0.9265008944115428,5.3232707048600885,10.920121179326875
0.6217864916767788,0.9729845949033145,4.538239558183464,11.169520691794748
0.7010288613726012,0.8897374806052836,5.306521081981901,10.290092437122956
0.6759038983942469,0.9470056461604438,4.523065119327664,10.036912475273404
0.5909642403887695,0.9467539140184427,4.079646468985897,9.51904446133371
0.537565464408244,1.0507958976885665,3.4605202468323193,9.462618624775946
0.619413740628092,0.8293408124543258,3.018725015687343,10.009784036576065
0.668602609611894,0.9316010309369366,2.7973019826387455,10.825381996546103
0.7451602827104931,0.9491043425754431,2.536350736724124,11.305071817625954
0.8129290675870664,1.0889672724107338,3.279163133149575,11.77401602201231
0.6365822198789807,0.9134083356626751,3.405921249793154,12.620638783604818
0.5374143814089785,0.877796733868041,4.370961330166036,13.285911625816317
0.44925235643812034,0.825423125133803,5.338328205531567,12.446868133038926
0.7011922367466377,0.9870086930146429,5.238175120032553,13.237441601082912
0.6121586337017214,0.9789438884466519,5.33472013700013,12.297424012482036
0.5843223883011256,1.083464484818613,5.960794278786739,11.408845521323686
0.8033190340344423,0.9898043257312359,5.49507457252884,11.953702698909774
0.583668130032452,0.8950202153688509,6.2747646695602795,11.44738449671672
0.6271845423675715,0.8430415052410769,6.9314813124311385,11.17381174440474
0.580906633363119,1.109495260995237,7.706006862247749,11.08699163897236
0.5948328216633303,0.8979433139977991,7.457286931203454,10.31858355207081
0.4502911353631405,1.02308030874614,6.870155326535934,10.641652904166346
0.5632302903452774,0.9925733666527644,6.171267432365337,10.968806429988348
0.9211377266620749,1.02385061988175,7.1690357133124465,11.240587083154324
0.6131074664643614,0.8973834565416782,7.475258929889004,11.232127901548775
0.7067997762393561,0.9054853899296443,7.157636880473504,11.041217496519197
0.5266973828550203,0.7837011060265644,7.454611445201974,10.501935020833905
0.6080562045056228,0.9019440091530242,7.367741906954893,10.255421828152784
0.7645177243364418,0.9315655971508496,7.543410794954299,11.064863464278657
0.7426576536042563,0.9514278248010383,8.338357162909281,12.029607738795002
0.40353751168436447,0.9008025987789869,7.7765048700135,12.25803225630769
0.8441069259756047,1.0304056603405116,7.80185581555984,12.920664634012164
0.7755054626307212,0.9780048738355643,7.705725477933289,13.112071939855927
0.5687451840068155,1.1219185682894963,7.565196529753989,12.159401470595531
0.7265517334799377,0.886705066595779,7.363289146490077,11.936365586197548
0.8333430142919726,0.8366281181145755,8.19882565847713,11.232217355794411
0.7350522730418687,0.8882618261842419,8.766286146575869,11.81116949919243
0.5226698416286492,0.9260928073562423,9.115631022466093,12.58937535544047
0.6308409933711472,1.0596392435300879,10.052784474387973,13.237598179566344
0.5564761916129866,0.8839867309530997,10.489050084626077,13.438021813596531
0.6270392639982298,0.870789652936109,11.414635778291176,13.486560049633386
0.5609503328056207,1.0123940519235497,11.331766567162003,12.728703139468854
0.7091629411572644,0.8626417095605226,11.24823211210421,11.832746337532194
0.6881587179801535,0.9773714785674783,10.765100392006742,10.915619687298923
0.40209449379603723,0.9351910394032502,11.588422508232513,10.826001577502739
0.7304627252210573,0.9165401590197332,10.947474243761008,11.189716335028569
0.5915165803334811,1.0235110250570119,11.209202920731968,11.41836101116473
0.41053542247411506,1.0646101022004815,11.907743734447372,12.232448524797064
0.5960698088193792,1.0586485324089736,11.154585234889895,11.437756018378389
0.6724777549030314,0.9322705019339229,11.499568862602118,11.74041488683132
0.7460467771815807,0.934651691838961,11.790783532877365,12.472869307950724
0.48897970305135496,0.8886567331058208,12.244549176120392,12.28011022205158
0.5974004882198736,0.91234146069509,13.208818992546444,12.737018378024752
0.5615943556252845,0.9260405038485577,13.154740321832339,13.036437437225747
0.7052781814147603,0.8597294205283859,12.24918586371091,13.48358514550986
0.50237702929724,0.9553474694491975,11.910380432939693,12.600066005401493
0.6273528389319254,0.9351616352059268,11.5997840863569,11.639036109842198
0.9826230305752013,0.9768359324046466,11.355979986414399,12.459195980437634
0.7154143561845814,0.8732510683906898,10.387184228837915,12.005923293284562
0.7036754247930858,0.8577983539848253,10.238941060672456,11.061582062351828
0.7258399159249929,0.9969511506010076,9.51879755433841,10.956985157447772
0.5927562639428369,1.1497791480788377,9.522795070287968,11.6734000040506
0.835192551095666,0.9536895682944099,9.908383971095434,11.177977931869934
0.7276765350585748,0.9965082841054028,10.030809209744568,11.935378597093987
0.6658216691170398,0.7763830873110875,9.933081611702953,12.016178970123182
0.5993037528121853,1.0008581407528987,9.475561916564912,12.122291839464165
0.7758335120398077,0.809800873897067,8.596500916510605,11.760429359926455
0.6006952722756579,0.9388199101360036,8.183329634799358,12.679399779165676
0.5985668741455703,0.8277180284914154,8.747542616063855,13.472495526056827
0.5610664226645884,1.0218606661785519,9.213690410013337,14.211598160420387
0.5259364182374131,0.9854972627892766,9.474374038977794,13.485404709869846
0.6354671982208449,0.9156668294531412,10.066229014802444,12.564903110512233
0.6648459265202189,1.0587322516569333,11.061085971290183,13.018692635691458
0.5294034874613447,1.0614176857775508,10.988292067223144,12.399697615616567
0.6457487654763896,0.998078760556053,11.723609127907995,11.913902328270392
0.6973576444070957,1.0049265746341836,11.138530299141845,12.228973992765427
0.7442004470237724,0.813597131685573,10.290831891756063,12.273791402293774
0.6090754701238168,0.9052941707761355,9.35983700657236,13.0450991865327
0.6423690998636153,0.7992503797393891,9.187528607839084,12.240422122146565
0.6505268798202586,0.778093974089046,8.478229138604696,11.386999302864787
0.7199724777248325,0.9512804381897875,8.208232203315932,12.075656024364203
0.5864023227034248,1.0473134921810328,9.20135948826475,12.835466840659349
0.6148568695895755,0.8776963064795306,9.071392958168666,12.920404065803313
0.8423504555148963,1.0293763840506087,8.590750643860838,11.962802063422838
0.6930255224316182,1.1386211146622658,9.027299814891801,11.172009266306565
0.6402523903059723,0.9164907383982873,9.99535895563965,10.313375553874211
0.7675985587469886,0.9116155927113635,9.249426322202597,11.264776800342304
0.8121630427654357,0.8327975350907294,9.849203791503118,10.387023559629494
0.5124582836640375,0.8092183808929435,9.857483625093789,11.359409127874413
0.5695716645387454,1.0441132413106455,10.37444191676635,12.0465219202346
0.5812163063929133,1.098653063358124,10.774351162083915,12.008420067125225
0.5584863067235251,0.8240999260505529,9.82023974149516,12.957321692874912
0.5871593841208838,0.7604716747625717,9.317415010085229,13.270080916270988
0.7437967820642497,1.181001810615951,10.150148940340877,13.877597930752476
0.547777570833543,1.0992117046113825,10.468056408761504,12.964478504097578
0.7203953247709267,1.093718606657025,11.108738617113433,12.434870625537688
0.7395075869811337,0.8859790755586885,11.349632257408496,12.168806243736752
0.6030056492044664,1.0027869979192385,11.493729491497731,12.441514325250745
0.7177080722782065,0.7427051094807101,11.512345491264327,11.5716132519487
0.5292619172823736,1.1731313203026832,12.405373479957083,11.108452259929175
0.6955351456081164,0.8985294254710039,12.032352113827057,11.913390635362557
0.6245366614876895,0.7780909602179156,11.232868725668743,12.304843336080507
0.7752693476890107,0.9374569088217748,11.935560668440273,12.853372639643826
0.46073311783431276,0.896721175690021,12.32949298277901,12.598856707517147
0.6332287589294067,0.8917498732824786,12.028607641692423,11.722640203370753
0.4525337332551308,1.1105014248013676,12.947693728475697,11.776159965040232
0.5248943075496063,1.0061274777085882,13.302411862816415,12.205672031491366
0.7967451905069793,1.129788598758983,12.529079764592005,11.603199884480459
0.7289143873422727,1.0293188735788312,11.94339140466094,11.732923024451257
0.5975793985723007,1.1059715212979684,12.098404443357163,12.557782000284183
0.6855628602383287,0.8348367043400999,12.563671571035577,12.392264302419381
0.8115465777281945,0.9985721480240144,12.436864974782642,12.858892047277717
0.6521119604450378,0.9203069487902297,12.25368898934085,12.959790322122329
0.5117284751784523,1.0420820275511458,13.123767465122173,12.674718531076257
0.6304509965028107,0.8801870347056808,14.010724772996705,12.191638520478504
0.7207912621252405,0.9357518934354194,14.155674087746357,12.674071987354418
0.5107939889296222,1.0426483946835587,14.716351621239061,13.265563788798328
0.6391894750389284,1.1847566466682289,14.751359117931397,12.530514368515025
0.606645524883467,0.8035246151682903,15.164941266752187,11.533864067111157
0.5994269348510914,0.885535540333905,16.082498158697412,11.79907342495329
0.7412380753882237,1.0865702166322517,17.01862890048516,12.698857511993227
0.5626834984309773,0.9930765889953121,16.66679546916268,12.246791261917606
0.5769132116200919,1.2232002237096915,16.882134026013848,12.978265636517161
0.8343598251845117,0.8805752701471677,16.21318166724662,13.943541900027101
0.8067269558440732,0.8968362307754704,16.745551546033496,14.74631029282893
0.8861104553004625,0.8183787031379515,17.283580290801023,14.859092694780646
0.5477108673906584,0.9897072383293238,17.559455922576586,15.308717281176277
0.6402164236075765,0.9002269492962514,18.15134829066751,15.660110705874896
0.722202601585394,0.9788416231597266,18.51337613392382,16.447567487347765
0.7081011222129595,1.0362593027328135,18.161959545976973,15.606045996840901
0.6043829792670113,0.9809080153135192,18.620290555658578,15.621164204298038
0.4794599681091085,1.0247072409551792,19.197682097159323,16.329646368807538
0.5932364389523908,1.0165312010112102,18.548459264404475,17.2965944422132
0.5644585671617797,0.7070485832379113,19.348628009007545,18.06844981684279
0.6814374557857209,0.795319605779294,18.570911682338924,18.087854823794892
0.634824022299634,1.0255581269132932,17.584482465212986,17.149699564569378
0.7926797130968763,1.000497650305847,17.03071207540321,17.548822243902155
0.6771631199086029,1.0192756692439668,17.095914935014278,17.514882015404616
0.6082861850309448,0.9458726050064312,16.219955383307564,18.232490835371784
0.7523774926842242,0.9247364760424526,16.896842567345686,18.679350809217095
0.6680837435678018,1.2907759312232354,17.288824947810348,18.8311569679009
0.7746270847910663,0.911274176780281,16.32477459559339,18.1329432177254
0.5770712718912622,0.9235040552610265,16.908381371926495,17.134184318969993
0.47507716161734626,0.9954345273138013,16.62318197025056,17.83066696084021
0.6142216522200235,0.9076597812684877,16.66836633554207,18.258636222931752
0.6278950590900235,0.9737022368564252,16.97414007763856,18.676612338500913
0.5961264826215646,0.8229298769097704,17.78277139958601,18.046763528225558
0.6357489525321497,1.0139937796599312,17.51569338465512,18.722814191766503
0.7546023552148531,0.832313468401501,18.22859655400639,19.100823711121766
0.8744216114733793,0.8074556887826335,18.45436645400495,18.781781315323137
0.726104255676142,0.8729037977033091,19.272360186053465,19.155693531901342
0.5221531296998725,1.008524921542169,18.84704801082056,19.12498529355175
0.7114060254381134,0.9144392881861222,18.244800989378845,18.241600203841863
0.5777999442504442,1.0722326579679986,18.792104878195595,18.325667692779273
0.5538877123158558,0.9360182905222103,18.520563907138172,17.539261691581807
0.5648666190835304,1.1473490082505822,17.92554446635517,17.69469115487879
0.8034420157924698,0.8860344654119574,18.473865254797378,18.291540479955884
0.5961487602726038,1.1420454277420005,18.867240931036015,18.463849438987907
0.5147155550270157,0.884166247850697,18.736711861672465,19.005892902303238
0.7666843845347426,0.8647690498466276,17.918849526596457,19.231866359961725
0.6974785550462806,1.06270762113722,18.851438536380165,20.10112627316744
0.5850606687213045,0.9794355448665297,18.183408789168148,20.803633622350667
0.7079093127368059,0.921302907071752,18.97790695579067,20.83945478127587
0.6456021175362364,0.9656976489545965,18.261281889247346,21.7378283380658
0.5539023116231233,0.8944090914752578,18.86820187201429,20.85641471870654
0.6553444834713709,0.8905658144711899,18.227726274170323,21.56364220033385
0.7612776418744274,1.0519317741414016,18.74815111519201,20.82630728735978
0.5245530053315414,0.9438965197660403,19.628329820414987,21.08709970388096
0.583879167711311,1.0579423791409401,20.46894421148417,21.418684105493742
0.6409674184906009,1.0398707222097145,21.167339001562176,21.177266114387667
0.7641939529392853,1.0142751480385253,20.82031779335559,21.53384837653841
0.5963930970199143,0.9467500874131447,21.706563384355146,20.96598400260083
0.5799925035196236,1.0754811108109268,22.292605543995847,20.56056545846001
0.5918417286161136,0.8881300832725059,21.904037408385616,20.36445415469017
1.1155175906684174,0.23438996613611446,-24.574780343915283,14.315699313565716
0.9750830302155615,0.25569874791538866,-24.95952676457329,14.617998847006849
0.971704590382217,0.3719651914204134,-24.83402008582427,14.945683304554478
0.8046314427516683,0.4790584226789596,-25.43960187725329,15.420251049347321
0.891862892336315,0.5581654960893658,-25.573066401150918,16.050350198807255
0.9514887734665491,0.20823401555607934,-26.01160701941832,15.86986620874616
1.102113852426692,0.3025505317384064,-25.166128572681124,15.42447315383086
0.7926256332406348,0.4191678692033016,-25.384504954385054,15.45839032408803
1.0512836556914018,0.5189848996156583,-25.88619506250247,16.446474125890447
0.8675771155213416,0.2702224067864692,-25.380707621160933,16.637576815012473
0.8773428399987849,0.28433285548776144,-24.574489013328776,16.99242154507675
0.8252728854916529,0.6072188733519384,-23.964497917640298,17.786913747029107
0.7863902262532931,0.4404767572547081,-23.346292429491648,17.063695177327872
0.9737534959934323,0.33975995106581136,-24.07984860595289,17.298786368113458
0.9280181256756351,0.3508776373262994,-23.44754610962722,16.907648643075795
1.004702977465628,0.3829098837949904,-22.646168749756797,16.30754427086294
0.7454084348916517,0.23580708937930434,-22.873143833003216,16.892660000751405
0.9734285137797913,0.3939726291831956,-23.813413771742404,17.234257171583295
0.9657362536293446,0.38156513496540123,-24.170059635153805,17.162436449495544
0.8970327976517786,0.4972563936911154,-23.674440919128415,16.231913391002966
1.0455525724721486,0.23828221608906736,-23.610219305208847,16.06059995023672
0.8999690019417741,0.33341704535391675,-22.838627795879443,16.72762509054522
1.0054662308905484,0.3678469973618484,-23.620258554994038,17.191006909936732
0.9264744965227134,0.527758184150529,-23.508504264106072,17.383443576173356
0.8620058021511862,0.4522443258463558,-22.943788044658177,17.11258545758852
0.9099122572599396,0.3327107099427538,-22.91227390407508,17.915375814950547
1.03291605032219,0.20506057155885302,-23.043900025923737,17.50321165939687
0.7452676898399386,0.30218127452586224,-23.41844578529864,16.72151859090228
0.9444194893488262,0.35220109869055843,-23.92498769523658,16.668446804630733
0.8908313654123662,0.3640416580326193,-23.293198089209156,17.126238120808132
0.9565874174037257,0.18911997754524998,-23.254822407641182,17.011096538563255
0.9453762301844967,0.3905810789199152,-22.39744833262488,16.984810678748065
1.0353004126825534,0.30335370622892155,-22.395921069214527,17.257549874029333
0.9083196791213559,0.4185518294377408,-23.39484200145233,18.012012056790404
0.993255332073789,0.3694910156367873,-23.581701828593005,17.715985513739508
0.8252065657590735,0.3958291505060189,-24.454224385035463,18.305265351757143
1.0159984272814615,0.34540050956230983,-24.19517120541587,17.930403137854867
0.9260512165380053,0.3042949815375491,-23.5631778705784,18.324270522115306
0.9152784202714301,0.44018106529586043,-24.517298101571416,18.18829854944803
0.9411642713289998,0.45977525479755554,-24.586221225176114,17.463953616954484
0.9273889907360483,0.14203639243381452,-23.79602583047864,16.776159315126144
0.8415983951353866,0.44413687142496383,-22.965914710804576,17.58181224494797
1.0553621428324196,0.6101802160183767,-22.868745421590265,17.49614479185316
0.9046666366343757,0.5642111707625658,-22.900758708723046,16.56234963239611
0.8488640710400568,0.30684018706367794,-22.723587262052877,15.769368535366088
0.8822192516338959,0.5195692448537095,-23.1257417943432,15.666598375230055
1.087807595350292,0.629696413351684,-22.13725313185345,14.909678953469404
1.0694552389530827,0.5365528955016383,-22.053582234660354,14.829673622055047
1.106691900446104,0.23372749357481107,-22.263402010223043,15.482371082630639
0.7685399840742095,0.3180542923489573,-21.82913669336503,15.27363198350095
0.845934021108552,0.27308908639008955,-21.770382006138547,15.016787925639303
1.0926769866228652,0.5098863217549547,-22.12264677489207,15.86259265542767
0.9141289080693311,0.47662706543237326,-22.03630076597765,16.02667838531372
0.9929047392543959,0.5769104163360749,-22.958216170338954,15.109857925878634
0.9423270459985935,0.4484789869511764,-23.944526983011823,14.523267513712318
0.9225898963389106,0.19867605960785634,-23.96820647868975,13.895343524086737
0.7437633143666509,0.43662344673419784,-23.478377138640923,14.383806782754537
0.8432304737753741,0.4883747119764089,-23.751985099104985,13.507990043512446
0.9274386643808498,0.31612532205317284,-24.523525187329717,13.587040912368801
1.0556141115407378,0.40165678622863743,-25.017267740535203,14.066838212565692
0.7914667600835317,0.19296517823516635,-25.70225739685875,14.846120467226
0.9296262972755326,0.2511777175163066,-25.34005127981841,14.269796129277191
0.8520718816220116,0.35126233705320814,-25.4917248933481,14.56610061098647
1.1077426506800279,0.3316028383092517,-26.412527610186142,13.97010133800589
0.782455189826739,0.2638487975995921,-26.08105359432918,13.16981330090872
0.8697952957005028,0.284671860167253,-27.01863282109552,12.835702895510261
0.9943628568819854,0.2993433427880163,-27.866336548833555,13.183281152297905
0.8534834017653311,0.32201702780543406,-27.442057724632388,13.132959186707247
1.034284483287111,0.2739718874771817,-27.922486660295558,12.745622068788586
0.8060685526166969,0.28374814918140356,-28.743188864277407,12.779511607753365
1.0498396479273318,0.6328294131018122,-27.853235430180824,13.001812013531804
0.818808025334464,0.3501302360193324,-26.962417114014954,13.06478618464232
1.0572673528741563,0.38566073909068754,-26.752034595803444,13.8277850825396
0.7136285495642178,0.2622236761705864,-27.126573538016373,13.834911954099491
0.836297240599888,0.38910057596444453,-27.86905965515561,13.374553494142276
0.9121635316541952,0.33100376407326354,-27.834784451684975,14.354165517240304
0.8212353268302708,0.36565515114653574,-27.26831614847898,13.991684625278506
0.9844557334691787,0.35915048287610984,-27.559301749958372,14.863280743309343
0.9943788267260604,0.4338671345007139,-27.698225028552265,14.560316292432592
0.9117099633415425,0.3390463582941477,-27.689187525854717,14.164430540403929
0.7502335839558494,0.20602475501726392,-28.582968576621468,14.091851180889613
0.9470181599812035,0.45083979469043045,-27.837122872877423,13.633579007929692
0.9921477051923661,0.22914964148073622,-27.3837532818281,14.016147244159914
0.8655649096791119,0.1962714554414275,-26.885448675008888,13.56023247301049
0.9039264855221559,0.26051745562555617,-26.58428715606833,12.937959425855668
0.957986037668404,0.5089668839811425,-26.129034105838844,13.03069912338672
1.0037832785121046,0.40481668226939027,-26.069005664587806,13.049748420864331
0.7636291159559335,0.2332612446175221,-26.85874073309882,13.34132799669046
1.0408000004018483,0.353470508926338,-27.71470694234281,13.635568520609228
0.972434547564045,0.31852480329346744,-27.597551500423243,14.119219334002155
0.783665461722924,0.486842167611385,-28.08127490394063,14.411175593399143
1.0430594279844945,0.29328324165493175,-27.170819101052277,15.262920757553557
1.0722802719068762,0.4395654593590686,-27.364203753763633,15.41391730565746
0.903402206262078,0.31036638682190903,-27.22378814668933,15.114051111044002
0.8802045323203223,0.3199432348800641,-27.43471232376463,14.859198713082304
1.036598536753078,0.3775362755409862,-27.01296815953066,13.862690931537498
0.8674460008792877,0.299058235217812,-26.48734202725872,14.45019719665561
0.8765634610491325,0.3723361512722432,-26.035559153373715,14.259431385376484
0.8501593279313945,0.4252713682616189,-25.218551412996444,15.207296046238701
0.9460690970158627,0.2817749475913626,-26.189315624983582,15.908579001382682
1.1464259750702535,0.5816791403812855,-25.632511815131068,15.67452810442075
0.9839451096963725,0.4440003138878014,-26.15994479896696,16.195344989056476
0.901193595823183,0.3505247417610559,-25.58957525137744,16.443667632498478
0.8463042163414463,0.4228527074729483,-25.75213458567505,16.9726972422407
0.8991338222957471,0.35914888296659814,-26.300738190576453,17.011478701336554
0.8544576780581389,0.43323733032579714,-25.679768506215932,17.461317067915186
0.9444899527826669,0.28707398401433926,-26.577399106268466,17.538230056750187
0.9492213515429878,0.3625492604038269,-27.327472277808965,17.72436145460154
0.8909036646739321,0.3693564996617068,-28.067304157504104,18.483174107803247
1.0179851893475007,0.1691069635382683,-28.521030755496838,18.677676609910723
0.870677497322181,0.4707537709827514,-28.484459866463297,18.72574054379865
0.9249362076404338,0.343010674177391,-27.941168183746246,19.704173685688044
0.8810333601218179,0.49365526856034847,-28.4408627693184,19.622301958103446
0.7719375480803248,0.517364872830953,-28.044959492755478,19.26783591944308
0.8606507900522067,0.27105821251261214,-27.180408247268534,18.949522358170242
0.9507308386772932,0.30205390478375616,-27.991077117514017,18.620865716757883
0.9122021486734292,0.36920306988391477,-28.981244673585536,18.433433864784945
0.9846153234964167,0.6144864705983839,-28.58272979263772,18.355308928963435
0.8902767710275504,0.5087316129220457,-28.852798504514958,18.21010442595896
0.9187556187764454,0.2935797265037977,-29.139618146088115,18.005207503700216
0.8481802364761661,0.3895819559456019,-29.86669449237904,18.74213130135504
0.807440389523602,0.37539593319927295,-29.230364821904146,18.16379347903753
0.7520357863328784,0.40270422706777936,-28.696640724388462,18.685580418275872
0.9146346419224414,0.24294902833482568,-28.486607703369003,19.027706732117643
0.9061690209528762,0.18222746039214607,-28.749118554608955,19.084739851531232
0.9453333648367548,0.47331716331771695,-29.7400332757975,19.17230545166362
1.1538044591242809,0.290111489800973,-29.74229512001598,19.370406125897365
0.9009218757849372,0.445230596975008,-29.650815541960686,19.885016496000482
1.001994516604718,0.3972696570060765,-29.91377427601183,19.236761732737897
0.9497368235005835,0.4259395951615738,-30.054378703636083,20.001487035345875
0.9192518234454269,0.27999029566204814,-30.929855289726042,19.560440784293146
0.9092187518981846,0.4698053887427714,-30.764798136891635,18.723574408980614
0.9567981359138094,0.34161610219268407,-30.236749613174972,18.836364949311807
0.9116674466015813,0.5263314958061223,-30.36740246203296,18.503706007094785
0.9527781559840209,0.5199883565180924,-30.548064963286997,18.485862055605967
1.0638245665937969,0.5326201274989817,-29.865425526718774,18.351590534482902
0.9729530091248235,0.36109027387728093,-30.849477651574002,18.200051027282907
0.9571713635771096,0.27936130820439814,-29.977452315324253,17.864582669615025
1.0371131341597608,0.4049305552465722,-28.994537448401136,17.74876362786438
1.1746656604145456,0.28824289406422443,-28.590475683894383,16.91710909163575
0.8083585206026687,0.3683416796534733,-28.19617249694116,16.487764350287165
0.8571322267176212,0.3479309703255578,-28.257403245406213,17.346834390902938
0.8175652329693353,0.4134822779430232,-27.685427114756635,17.114294471081262
1.0095045888700862,0.44467530194868143,-26.90092751514818,16.555113427804976
1.0039825973972518,0.27061550175002086,-27.356373860928112,17.40593809425421
0.6865216579910085,0.3928489421876516,-27.88266445538323,17.04976386915607
0.9898125278093182,0.13870486489779144,-28.660115576519885,16.564388245066457
0.9519975784337722,0.3946738016960275,-28.176150961102227,15.794818752584536
0.9417541615723959,0.2335815440576178,-28.082210808456935,15.668787962140353
0.9156715176861198,0.4748905328501182,-27.096823879851996,14.810293080591592
0.9433169017650435,0.43837544749301993,-27.790923469188975,14.511965139000106
1.1012106681531855,0.35175316039671173,-26.87645902960403,14.412813976216068
0.9314397058629358,0.34569932726833974,-27.017952681761734,14.848651846608803
0.9742935065432614,0.43633276102506224,-26.363026598094812,14.504303140062826
0.8622432865002072,0.408454168709362,-27.310572772205656,14.477770869720231
0.9145652948213042,0.36247820603656894,-27.910514414308054,15.46528509044978
0.8474660521780057,0.30970811859083014,-28.06163978013716,15.996671397753655
0.9589680303450245,0.2718683455460955,-28.1243401614237,15.637769211404311
0.8557578775788541,0.5287230264544885,-27.926208488495266,14.862658737892067
0.8344149551506247,0.25115315215575174,-28.078637047520097,15.059106982114704
0.8784547386431277,0.23884470118834353,-27.161346885545633,14.339045490417641
0.9382345847795593,0.3860123092215091,-27.97087278022655,14.181867141984537
0.8424163589083149,0.27761954481763007,-27.104111472645993,13.722768555779275
0.8409376175222492,0.3059257613890088,-27.76903580874547,13.384135962246386
0.9533438685174923,0.29941881087843747,-27.485007375347948,14.286543595152434
0.9723798628407712,0.4150546054514076,-26.605828501874274,14.943079068519493
0.863776708543264,0.42757174523039054,-26.67731800299575,14.978039380662798
0.8154982613544802,0.3460205801956519,-26.389996834008418,15.318027316889198
0.9133490161564971,0.4692178288244109,-26.325647962198712,15.448066233506026
1.0798368556904303,0.4692554157312031,-26.747297355337423,15.793748316385837
0.7516216752822277,0.4362473007225666,-26.26008467453136,14.982011111504939
0.8960628102481731,0.2366081443585602,-25.573807550379193,14.065173472353928
0.8815511263921935,0.28051047792974676,-25.221743171515666,14.11919714117753
0.7243970012283831,0.35462471270938156,-25.950418948292608,14.120591242199692
1.0193095268789298,0.30757029247447676,-26.233643631719534,13.29941622431486
0.914455152604196,0.41119535746611424,-27.22689625719788,12.649414888197366
0.9208016126688144,0.43196300265172344,-27.410954876364272,12.775797619195664
0.9997157816561231,0.44778798496535976,-27.79417361721462,12.163846295956743
0.8964475505498607,0.3546730950498105,-28.24869617244892,12.55505119276211
1.083340183598577,0.2975090089479635,-28.965695153482805,12.472380747702832
1.1577251571982365,0.6131339488509682,-29.372163151825863,12.976636302742268
1.0573286972472513,0.29950073438431946,-29.668142535202726,12.678724126212602
0.7312177771125508,0.3866326910440508,-30.410775311247107,13.00467119712349
0.8560766975635595,0.23825149350553126,-31.34838205629922,12.547279955672279
0.7819952298190395,0.16564139242387013,-30.635859784320512,12.834233253787957
0.8158080145711694,0.32391084689526234,-31.178120651930133,12.578035964926528
0.690839920971051,0.3017608826864775,-32.11848141276235,13.025979890905505
0.8192177004516076,0.4255291135254777,-31.209688961750658,12.786271615050241
0.9577020175533578,0.16922769680871552,-31.056894578220685,11.79574049629378
0.9836996020418555,0.4024282606262586,-30.47547632056778,12.62829429759735
0.9651733892833838,0.5143567298251722,-29.783226105580148,11.923675936695677
1.1183108454748039,0.4220504485935637,-30.756648734400073,11.471678957650601
0.930703883112689,0.4708773442643114,-31.727016790059842,11.50435527015703
0.8246644194658015,0.38540812335954633,-31.148179583639042,12.254679309574797
0.9301350200069654,0.27449402378582693,-30.209509409814515,11.673687254110998
0.9794867441057145,0.33290704655488834,-30.65385351686812,11.612946252630875
0.9397236963080495,0.35395082819229046,-30.269913992980324,12.075569283039306
1.087357592778353,0.5768089324562137,-30.426740437919566,12.365612977060692
0.8986698974160992,0.5092828885474019,-29.520408417701788,12.560100995553752
0.9154746659352624,0.3945292609106865,-28.70199854087925,12.336114198029861
0.860363148985723,0.39594868052955784,-27.77087075811413,12.109645714088465
0.8461153025620896,0.5547249882849297,-26.794865399967172,12.934391923551804
0.8985577314889223,0.3346033199599254,-26.773195212057313,12.759211734076432
0.7925020107436647,0.3430522810257508,-26.39703473144653,12.872145671107441
1.0081170945003335,0.19756721802093008,-26.589309456640997,11.964466630548404
0.8088703010888426,0.08621634970633513,-26.49659709408773,12.5344183748644
0.8245321507201817,0.4306758405134747,-26.812501304104973,12.790560572619889
0.8355974206588674,0.4234048873080436,-25.939560538580952,12.517964221417856
1.1428939218941645,0.2589418660883818,-25.797784680199825,12.392224486887377
0.8999991946324766,0.5833443846946368,-25.747128659349613,13.097394730834607
0.8310939472810134,0.3760176073663782,-24.945397075740384,13.510981284650867
0.8477284472070299,0.46955609312871033,-24.29609457558732,13.429784550665767
0.9287922028426762,0.5773275731733288,-24.276606213803365,12.81697117520911
0.852944615996572,0.2804093363522735,-24.13013123535248,12.651620748892846
1.034074402799462,0.5216508000898353,-25.061615925101567,12.246346251647406
1.0027592085047186,0.3908117754515758,-25.140979202935938,11.439914102070993
1.118170417953591,0.2391681713414358,-24.661956711897922,11.858855023609548
0.9126781830433076,0.3744174071310681,-24.921026158589658,12.244912456058286
0.8105961434458013,0.2990019308896806,-25.516243033268,11.58669679158528
0.8797019116889823,0.5110896510522798,-26.35160597394351,11.547720643145958
0.9333844464609872,0.3769240835748532,-25.4988767900348,12.268448494342655
0.8238745339842514,0.2840877870491807,-25.550387915041167,12.383712037389724
0.8151505021298965,0.5888672714036017,-25.365821427861658,11.730746028468591
1.0829402075837125,0.26674028850992737,-24.390842832190163,10.821187327051515
0.8835577364393455,0.4516851730891041,-23.715887663668934,10.494561716578069
0.902121948740438,0.38040099985432185,-23.957922239066196,10.417073421228789
0.7512176489027793,0.300511523212701,-23.923542516564005,10.175201980619565
1.0063027964053082,0.43468538441721194,-24.278572535775947,10.640894180146011
0.9459173854676111,0.3915327082254954,-24.152928188386426,10.824725793041555
0.9925564158723817,0.3096366653983294,-25.14998591302056,10.032100360965739
0.8827047925900879,0.39830023538951287,-25.091029224294466,10.754493827364579
0.8941136178704835,0.4680455628391047,-24.75000215316475,9.856905651789805
0.8895827149335593,0.46955538574622446,-25.545624138007714,8.859410867429055
1.0778240910808587,0.34142894476231167,-25.221248963796544,9.071557002865639
1.0101859412083896,0.3526243387952094,-24.597831920878562,8.10736434324322
0.9195027380623375,0.24430181957742764,-24.381250364261774,9.067400281735647
0.7520443645620184,0.1699547808019492,-24.514156833194885,8.595072215456973
0.900575525787422,0.4387416369553132,-23.87554428941264,8.634541177312064
0.7006235461613828,0.5352882203041096,-23.242479005326846,8.174606851932795
0.9262584151873365,0.2907513996452836,-23.142452935128226,9.112597928457324
0.8742737433799265,0.16983598772308767,-23.248603567006644,9.79249121789613
0.8518494154175201,0.3979092080132892,-23.68232982701145,9.143351961901514
0.9374450825893647,0.3872787016803778,-24.167097707684107,8.30853194826182
1.0968228751527733,0.3416955691028273,-24.714750257762656,9.156879850273263
0.7792061132311359,0.3676723583124481,-24.697927256818694,9.798617721107279
1.030617787837015,0.2872504955196926,-24.469149848341566,10.20967920750869
0.8985459843106979,0.39735425985643186,-23.564912388471885,10.318316984220317
0.9544818433930911,0.2911293403753227,-23.928716086120705,10.577164046458607
0.9025420248287516,0.29216998942890615,-23.922719362235664,10.976390688876933
0.9506935820251426,0.2780810039207954,-24.57612427963086,10.015010411602514
0.8250822555305745,0.24948498946316586,-23.78437180483551,10.871673369271845
0.9637806219220109,0.3800046048470477,-24.231992686935488,10.734377608475752
0.9860424999784126,0.17135600154438177,-23.59737068869285,10.119050845376952
0.8927960876247681,0.3045081949564712,-22.889003302502122,9.578343720364312
0.8477061196942524,0.35405769537482124,-22.872780430806486,9.216313709529544
1.0398608110341343,0.28863430414851005,-22.088208358106602,9.736568029978875
0.9512151745320989,0.2814514487760624,-21.12029293323511,9.614801097494194
0.9546689593369855,0.4705754657144032,-20.24607391372722,8.671559961516364
0.9231334906767995,0.39545739772938265,-19.61242837579023,9.563795726761992
0.9855591233368515,0.31331729345189197,-20.550382557561978,9.0537254822322
0.8744448622286636,0.4259351354139721,-21.415390418651796,9.840632345396356
0.8809361394038054,0.4096624062836433,-22.26302048702692,10.727566738499336
0.8802395657602903,0.3567725436193333,-22.002144224646404,11.093789509815252
0.815711709890586,0.36416233325366365,-22.61352811306198,11.266405924649884
0.7307915242595207,0.4418590486574459,-21.9492783864024,11.901722628607645
1.0782169904135235,0.3445151166844287,-21.68922072663618,11.176519601943928
0.7859355120031275,0.43603451353123496,-21.998497951747552,10.270488746819826
0.8878963366855185,0.26103122525029143,-22.03635994212739,9.955171108707757
0.8487348880741176,0.326957474210878,-22.198940778482978,10.254651349124005
0.9651640834781032,0.46114145788105615,-21.42152261061971,10.629439265060576
0.8623529702536655,0.08563430229556906,-20.94634019882918,10.717733265574696
0.9735932555580198,0.4491899134560803,-21.050656249930697,9.841707898219461
0.9094394180426082,0.30893803953622156,-20.336526626653253,10.46890748825971
0.9619021817152774,0.38824849995806765,-19.844419385728216,10.336688073036393
1.0064924370365766,0.4333785715742641,-19.549163652794547,10.462586781043278
0.9062861388815392,0.524467186948148,-19.791760428959307,11.210614763441036
0.8716743278519001,0.26978580087598725,-20.21047453606171,10.605421125973638
0.8208258565405726,0.3989768197593498,-19.710314769415156,11.298363788716387
0.9385338647245048,0.21974932854253626,-19.00561503557791,10.579454762223316
0.9966427323341958,0.26682659182169577,-19.214339056469573,10.274495164515216
0.8715857303040847,0.34141483776535547,-19.949514533842727,10.964541233994398
0.993386192386724,0.30245398731175527,-19.956050974977977,10.792029843209555
1.0107759707618136,0.2166567037086444,-20.340956300143553,11.708432511032967
0.9112705529823085,0.42279717084629365,-19.409208595739884,12.380030150532262
0.8766044960427193,0.3291105939922715,-19.846690617193172,12.542102988255603
0.7614096731101399,0.4148853510975342,-20.067160052871547,12.800462860833814
1.0099946475090644,0.2782829311946803,-20.321676192348992,12.827614186012253
0.958537258743898,0.1888088251481255,-19.67976531158222,11.915098513618231
0.8849540775906901,0.33777537563151205,-19.046465599053942,12.150942263489231
0.956142637003576,0.47237872232761224,-19.736960325017584,11.3574284420191
0.9300866135457743,0.5179420231830979,-20.48097367070097,10.9503106221327
1.0209152268472321,0.3907916476172188,-19.99610298541929,11.730595344666463
0.9222337824308886,0.4207987012042004,-19.410869523042294,11.357589672268874
0.8391320625341268,0.45073587628598766,-18.825625102388837,11.467792938150259
0.8222171982836632,0.28985163771336164,-18.326814507803764,10.63226145990258
0.9717962365138537,0.34846438291917176,-17.53225993887706,11.110653862301312
0.9038196114418651,0.1398179627242739,-17.218059729760085,10.561933588537846
0.9424418413599972,0.3667882599341883,-16.466792722004,10.270242447758665
1.1930528364567072,0.36580065111524884,-17.346272744132964,10.439084695657401
0.8835042429167755,0.44541919207183484,-17.478071580824444,10.387808086979962
0.8326338401143039,0.38600168711809085,-17.05566761940866,10.265365912209166
0.9886060140080434,0.24544648963210747,-16.882578317732108,10.020631906930115
1.049356654366656,0.3151300010457937,-16.952693091596533,9.987488762249447
1.1482202230253973,0.2781877837821394,-17.051930236894034,10.502334862680136
0.9238673929326061,0.3665323915868839,-17.302069722330174,10.959262882996804
0.9218221908176829,0.24970284185642566,-16.578640563808758,10.946321407102252
1.0981439690229418,0.5676579115492308,-15.81167556246942,11.427011202178349
1.1060115041576282,0.2820185187277119,-14.99669892391097,12.112598947015165
0.8982731569375569,0.3150357687031055,-14.620538671397249,11.596317927948009
0.9835318705591057,0.4262121237741202,-15.443451686693798,11.749221724750665
0.9113912625267387,0.37110402698915856,-15.742819442078975,12.54415639866035
0.8833126362008901,0.36998901826372016,-14.974399445597227,11.689320481968007
1.196750766929165,0.26671303878984265,-14.388796217580627,11.334821269201495
0.8344575597490613,0.18511178539885978,-15.217643977615857,11.565129236234707
0.9590779893292901,0.32542050030985986,-14.584019982483978,12.546162098563611
0.9024928590969293,0.31054270843418474,-13.992858089005459,11.559155081610664
0.8379316100250489,0.42120113621590477,-13.230386825153522,12.23956552788256
0.8290061726887347,0.3221433879735028,-13.871928971161925,11.667201431997087
0.917066510795287,0.3972723797358614,-13.899787195125482,10.74213618644477
0.86789763575928,0.3906480696684469,-13.953995665078988,9.745558442691403
0.9594095243062428,0.37113397924007135,-14.669427627347286,10.298598547955478
1.1608354756108965,0.3688811355807303,-14.515060059352331,9.962882551367105
0.8510054796390982,0.2401852281463793,-14.65708990197154,10.708146555057073
0.9883952710411283,0.2770870200396711,-15.006929007513703,11.586459603767354
0.8575142173877026,0.25450329857097204,-14.290730113842207,12.30983255959028
0.8559369721087684,0.4740226570804538,-13.510536222430954,13.02544343594353
0.9219587077768308,0.40150366888197825,-13.672683730380847,13.517757726269222
0.9393609906284245,0.34273072634330193,-14.104933520033075,13.489032079513656
0.9495544932736774,0.3422324326271227,-13.585913861695584,13.29489888490334
0.9142858105762063,0.2751155799813706,-13.94794491164708,14.02735380132193
0.8264748096628585,0.4153673342878714,-14.919315914199432,14.110699092837642
0.9802066264896351,0.4392540055472544,-15.795003822043524,14.10672281685394
0.8033928212710835,0.28069376863740286,-16.63280656139711,14.325344968619193
0.8213215175276645,0.35444006594967997,-16.952459281280976,14.811328141267893
0.9306895172898486,0.39836991311752595,-17.545526669936596,14.986840853315039
0.9721388314369367,0.3631967774298823,-17.90763488310017,14.77644147674187
0.8295184153245467,0.3678126856472225,-18.591807745263306,14.573625502744557
0.9598802960956936,0.29864600139326386,-19.488480913638405,14.63874875554152
0.7938826105164083,0.24637080114305682,-19.446458975309895,15.238862527604574
0.9294453815560747,0.3657895364482465,-18.914008310667924,14.620295776213718
1.0357559964665835,0.3954832422891764,-19.52926066737366,15.432136448337602
0.9149771979094582,0.264577689283528,-18.67526625183531,14.988901855605501
0.9463123622056555,0.3128929845924203,-19.025152445079797,15.975866886003685
0.7407295272438985,0.4301347734322213,-19.551613124224293,16.50614383051366
0.9657598917755944,0.41767335649263737,-18.74738874664575,16.493538604084044
0.87545380515114,0.23110519103442642,-17.84165322393424,15.81978257455221
0.8846740021283551,0.2795966846221267,-16.96207450929854,15.5084703149109
0.904453409199286,0.33477732076857664,-17.057617007982742,16.218556385708943
0.8988636383110792,0.38517374695962514,-17.987357608308336,17.02734434087127
0.7808602293277855,0.3544990568058911,-18.60005889175249,16.496948157609523
0.9342637010811533,0.3814720329400043,-18.489321535562276,16.788779025108834
1.0167539906663872,0.27181520595125463,-17.78786416099522,15.96980820150121
1.0232437348160837,0.31136282101281976,-17.969859153583137,15.927272863817237
0.9698795167258337,0.14104959019349175,-17.633715692212824,16.336125821620993
0.8492549092417093,0.41207330516809265,-18.49816934218535,17.19443969351861
0.8248855035362056,0.5149961695762841,-17.987421465064692,17.136997146008515
1.0519977967686913,0.374358753187135,-17.783629269379077,17.98614352241013
0.8362473571111283,0.32320480474424795,-17.572617290463775,17.162493983387403
0.9317260999228101,0.5232027123881323,-17.132213501701813,16.87105934618513
0.8079835297018961,0.21366879359402716,-17.792803756073386,16.632152777303205
0.8948735843649298,0.5121796568247595,-17.268606592168204,16.78883242613596
0.8436972578669024,0.40103322532548347,-16.345516709547415,16.594806181147085
0.9621914351021106,0.24756983770785887,-15.982393866343255,16.48029712590078
0.8305829073984308,0.5745807053060243,-15.376046569254214,16.651585233849712
0.9600752203367426,0.42338722213698804,-15.375685631906128,16.629750388506636
0.932545403483832,0.4633595821172604,-15.744035924552556,15.812821366011141
0.9811280277356144,0.3650783505988614,-15.367484047991072,16.20129375514959
0.9455816924115892,0.41665119703404824,-16.131897894237014,16.427216497086164
0.8208803666852539,0.379006705031782,-17.091772143979213,15.840593101841614
1.0437383732434369,0.4613947556014211,-17.127341725185573,16.81357991010801
0.9770869252468355,0.4148099889665812,-16.140221403650283,17.53990412091391
0.7986678472484409,0.5002529937422657,-16.104203340820543,17.222468451441163
0.9792851685565092,0.3869971030221805,-16.23571287811442,17.2497268695627
0.9890170684553419,0.32717193495725666,-16.051036887702356,17.24675515970153
0.7843157285552914,0.3981899353502957,-15.815527765126305,17.14467102226275
0.9103585109105328,0.33668328706767425,-15.677066041827272,16.93786041036666
1.0970967828035334,0.43399580847376396,-15.610596844344055,16.890503404148546
1.138228013593707,0.4422051758208213,-15.017089007042909,17.81809099727474
0.8566658333170936,0.3123185464513082,-15.492961433938364,17.43625076700484
0.7945834733405756,0.48231388716999035,-14.513108924781038,17.364174704268443
0.8547516619597628,0.3720428545505498,-15.09837449470951,17.606137235012913
0.9033201928784355,0.3861197938838428,-14.28377252264993,16.843603491942282
0.8763045995935589,0.3558026152271901,-13.52509364685844,16.392842649711458
0.9401542240467146,0.4776711990136233,-12.933390974987178,17.059855339182192
0.9684518299849395,0.24989372799363227,-13.770507467286702,17.032796632138268
0.9859885469804215,0.47169563048895813,-14.291834326037286,16.929153871915737
0.8822580310486343,0.3638241132868629,-15.241300655715765,16.079173976302883
0.9807486663606255,0.34691147944931044,-15.622138430616035,15.97116120134569
0.8620579397049093,0.1608150255430927,-14.792890825812144,16.762322184184104
0.7755007812145026,0.2693410908825969,-15.422012084104296,15.938830129732553
0.9514046959892982,0.14405069761056086,-14.451326033033578,16.90988463022063
1.126700039365711,0.32880400368693896,-15.129206007536657,17.302583233568832
1.1098684343077616,0.5666803293317177,-15.9019567071831,17.783818215151513
0.8159089853478887,0.4115423864475153,-15.449162479478021,16.952576662702878
0.8865956253928181,0.3117039244467604,-15.97660889296941,17.03580961394963
0.8557154715010276,0.39497552114046913,-16.720749679580262,17.196943346898497
0.9610019024280573,0.39321998909068545,-16.421094728311996,16.2123373013083
0.7811881342573521,0.3352693083316246,-16.216307261836928,17.01388733303003
0.9814994369200416,0.24581531878541316,-16.58665477314697,17.80394760149818
0.9407012023661709,0.41232654532906,-16.03457685588611,18.765384895266493
0.7910635197029598,0.3962518783817387,-16.567202837277392,19.177072426947635
0.9339358884757922,0.34480843714659765,-17.219199419886355,19.75334796557049
0.9918077250560752,0.25680497173122474,-16.659467230999905,20.680235403021314
1.0787617637704319,0.3488312020916855,-17.436009287967817,21.05657382766098
1.0127966131664514,0.21337424978608002,-17.301794129732013,20.335304085812982
0.8333833289097053,0.37597806745046974,-16.57160133168011,19.751038137491093
0.907080250223241,0.36886706933138297,-16.24604033645315,20.17067748547738
0.9333819871375174,0.5455026128296606,-16.770899240641217,19.364993534958156
1.017489408472177,0.20309814617513366,-15.944059433885508,19.425769444871083
0.7617183588223136,0.4196900334533544,-16.309342038582912,19.315871615276755
1.0720762542488715,0.2556433264580878,-15.343590461993594,19.543607790922888
0.8821017889543884,0.5123169550541943,-14.95022813874072,20.025747346508464
0.9233950380821995,0.3860181738992747,-14.492545691321025,19.307442607383624
0.7804207017402389,0.43967469118467956,-15.162132763464957,19.877565520584326
0.8036658493800555,0.2283747446762263,-15.955338958201356,19.687214356704196
1.1120772227928084,0.3303387273418365,-16.42165434314008,19.263913515129467
0.9990026223870989,0.42546733053408226,-16.906109230784008,18.562469388440977
0.90766304883161,0.4468519207338012,-16.975128374244537,18.429835926093197
0.8628597943997992,0.3031133092026222,-17.40301155518852,18.81506310669577
0.7343279708476333,0.5623185745927084,-16.532786200538297,19.30822068314333
1.0664502141001593,0.3186907361620698,-15.75430468674491,18.638466742420764
0.7033395206793522,0.3531642655829117,-16.527786268795076,18.662825810528588
0.9185017177804528,0.3082920395514518,-17.26293802230559,19.155889844827364
0.8774081097997046,0.44530885629039085,-16.8005581855056,19.715220311889063
0.840754836166289,0.4600713457966549,-17.681371139926398,19.46174004522821
0.9040271987985685,0.19101516463003299,-18.00937496744749,20.201599168460525
0.7482335137862969,0.4698786821556962,-18.444676532898356,19.563572747697393
0.9354067361272784,0.3177485568465314,-18.61167777722386,20.453299943684783
1.108617078608956,0.29581616721533144,-18.916767626494874,21.143777256261224
0.8564045192831657,0.4148837604028375,-18.14068593729385,21.2070540055359
1.0638533299834245,0.2525504164001407,-17.289223856042245,20.96084140513426
1.006323663180142,0.2176470833654495,-16.91348690103539,21.394081358943527
0.9518462908563127,0.36078587721881,-16.755852760094385,21.600558990481687
0.9392514095894676,0.1750388291612983,-16.526474369828634,21.23518754733502
0.8605687795776451,0.49692005085505886,-16.950793304880634,21.864149733395678
0.9316884450837433,0.338066828819543,-16.24951994631082,21.39031536138244
1.0133850237377076,0.5060688209054518,-16.008767302918063,22.04108001244121
0.9674716316714099,0.3218658202405857,-16.37815897343074,22.012330529341433
0.8612364755139331,0.34446648643342276,-16.880056497735954,22.269001530374883
0.9675456463715032,0.2911501271727506,-17.093738006358528,21.93314617423807
0.7432639536490243,0.43461711141143333,-18.01323404083625,21.35317966295319
0.939818568740987,0.3434229913283938,-18.620120119864257,21.263417291871264
0.9929495680775448,0.40000301872473437,-19.13143734945314,21.22209784471209
0.9367206543560879,0.4397833897692491,-19.032764172445656,21.572700448968913
0.9003177614765286,0.43140794495097184,-18.66764009233796,21.315597150240674
0.8758476074071037,0.29679907804782424,-18.961475773878938,21.05095171437974
0.7555062829577848,0.46465477324739196,-18.024674053791138,21.44316239173873
0.9374211161181527,0.2266403223203036,-17.569408149662003,21.613367058112356
0.8875682508761186,0.3845218716497973,-17.90969358630744,22.514551927967073
1.0472259826353199,0.40882617076378513,-18.430010717601135,22.064231613005212
0.8302455508539968,0.35593948909808376,-17.865646334336716,21.714778542390977
0.7906168152735253,0.35424646183100694,-18.56307267205367,22.449325854577005
0.8615434671274533,0.4008827024031213,-19.024501138095292,21.46475660208386
0.9405343402311707,0.2275136438612864,-18.389262466338227,22.021642692297274
0.9940196482551735,0.44843784628418254,-18.180792350797923,21.288131443165693
0.8739354659122759,0.3167655969714778,-18.92087330205223,22.048619710988216
0.9016250395378802,0.43047547007138925,-18.05765594170013,22.479576870183923
0.8546519502848674,0.3176694721018509,-18.76264191899984,22.340400725406266
0.9368013633920569,0.36603972895425047,-19.37225012964191,23.317089304764313
0.872851218392771,0.18989526366388174,-20.20670425835404,23.846906404147337
0.9232290392802837,0.4356480642185732,-19.808968988241254,24.06321708277305
0.893671185386722,0.44931092301782793,-20.476979812012132,23.314358142913225
0.8951418686178526,0.3366759783786831,-20.092886908624862,23.438051453239165
0.7861190883818554,0.2925718043299343,-19.52187328131452,23.434655841930574
0.7569817337274006,0.35617443116123093,-18.593858726570208,23.31650619740238
1.0604734763708588,0.4324179723617939,-17.63777476033777,23.090093875128236
1.0202573289120653,0.2516380272954675,-18.456316844133262,22.686614514871366
0.9090989774183021,0.39881674812026735,-18.265943246060104,23.570254986296316
0.7935619189655385,0.4775810701028602,-19.186884808097187,23.76584725794139
0.9764973754064845,0.4640564146007847,-20.021264153471172,23.471944215735302
0.8046859449465493,0.30340861411361775,-19.089897536288007,24.255286405041858
1.06675447771484,0.45861500606718675,-18.156571702528105,24.06929968367645
0.9464486004904168,0.1790556090178929,-18.56541309280487,24.082470862641102
1.0258763321368485,0.3650591992277884,-19.228164271343786,24.877325181880618
0.9739586448134055,0.36693144237981157,-19.800400095232828,24.85853627059175
1.007858831649265,0.19118035616814755,-19.079659518904847,24.696339364836987
0.8507006771495826,0.40679685890680445,-19.55171542613868,24.0504696474616
0.8635160672188384,0.25396775413702294,-20.251226977445285,24.80705556237694
0.8014243353702283,0.3727776586634868,-20.64909483243768,23.898064599908363
1.0388442927295254,0.34573267292911847,-21.631492334137576,23.94242217387864
1.0554671692124675,0.3792405080588315,-22.32807830370198,23.821433998328203
0.9256328094498256,0.4012860482900838,-23.284789715831838,23.698171074396406
1.0099695417169747,0.3993684694633242,-22.93616404950335,24.455837977826327
0.9607969854208666,0.44229530184019344,-23.88704316815315,24.407706861675575
0.8750156070218452,0.2646816552855412,-23.305666178546147,24.57206920869479
1.0477730471152975,0.11289693043431703,-24.278038683372664,24.047578421157258
0.7839171766158981,0.26662621432739403,-25.033321705880056,24.47061013552556
0.9436658797631977,0.3643575086405469,-25.235799798012962,24.083302399711553
0.9006106065602384,0.2849987608105313,-24.626715762634912,23.15917993078619
0.8754417269323002,0.41450152148250385,-24.436401879999003,22.354533936589185
0.9879015210615057,0.396758805406622,-24.00744474745474,21.53654596641846
0.8704593827190359,0.3992636249601188,-23.34580385439283,22.245474803006136
0.9818541013862686,0.1836446059878349,-23.99796523918411,22.990068082811813
0.9664566542352867,0.5265928873404029,-24.93012681985203,22.74783527692648
1.1155616347228343,0.44439994491032025,-24.95971448216085,23.04085919880268
0.8469289263108025,0.43427579181760884,-24.270924343871247,22.68162991413774
0.847038396966481,0.38416957556668846,-23.708045720472686,22.737730751174645
0.7843601501252299,0.2739878130296888,-22.99922049416544,23.174139611483888
0.9790317208059389,0.470255755068041,-23.668694945645267,24.17346127596032
0.84495573623795,0.2769236590735621,-23.42525621562502,23.93808776496996
